Top consultas,Cliques,Impressões,CTR,Posição
conserto de geladeira elber,0,6,0%,8.17
geladeira resfriar 31 litros,0,3,0%,40.67
qual a temperatura ideal da geladeira,0,3,0%,63.33
temperatura ideal para geladeira,0,3,0%,69
assistência da geladeira elber,0,2,0%,11
geladeira resfriar 31l,0,2,0%,41
qual temperatura da geladeira,0,2,0%,78
elber é real,0,1,0%,6
geladeira elber não gela,0,1,0%,6
autorizada geladeira resfriar,0,1,0%,9
geladeira caminhão resfriar,0,1,0%,37
melhor geladeira portatil,0,1,0%,38
quantos graus tem a geladeira,0,1,0%,94